Team 1,Team 2,Odds 1,Odds 2,Odds 1 Source,Odds 2 Source,Game,Amount 1,Amount 2,Team 1 Win Return %,Team 2 Win Return %
DK,JDG,2.74,1.6,Sportsbet,Unibet,DK vs JDG,1.6,2.74,1.0138248847926468,1.0138248847926468
DK,JDG,2.74,1.6,Sportsbet,Unibet,DK vs JDG,1.0,1.7400000000000002,0.0,1.6058394160584077
DK,JDG,2.74,1.6,Sportsbet,Unibet,DK vs JDG,0.6000000000000001,1.0,2.750000000000008,0.0
C9,T1,5.5,1.24,Sportsbet,Neds,C9 vs T1,1.24,5.5,1.1869436201780381,1.1869436201780381
C9,T1,5.5,1.24,Sportsbet,Neds,C9 vs T1,1.0,4.5,0.0,1.454545454545464
C9,T1,5.5,1.24,Sportsbet,Neds,C9 vs T1,0.24,1.0,6.451612903225801,0.0
