Team 1,Team 2,Odds 1,Odds 2,Source 1,Source 2,Game,Amount 1,Amount 2,Team 1 Win Return %,Team 2 Win Return %
C9,T1,5.5,1.24,Sportsbet,Ladbrokes,C9 vs T1,1.24,5.5,1.1869436201780381,1.1869436201780381
C9,T1,5.5,1.24,Sportsbet,Ladbrokes,C9 vs T1,1.0,4.5,0.0,1.454545454545464
C9,T1,5.5,1.24,Sportsbet,Ladbrokes,C9 vs T1,0.24,1.0,6.451612903225801,0.0
C9,T1,5.5,1.24,Sportsbet,Neds,C9 vs T1,1.24,5.5,1.1869436201780381,1.1869436201780381
C9,T1,5.5,1.24,Sportsbet,Neds,C9 vs T1,1.0,4.5,0.0,1.454545454545464
C9,T1,5.5,1.24,Sportsbet,Neds,C9 vs T1,0.24,1.0,6.451612903225801,0.0
